abies_concolor,6.493506,50,770,5,5,1399,72
abies_nordmanniana,50,14.28572,28.57143,1,6,1473,1
acer_campestre,0,0,57.14286,0,7,1470,4
acer_ginnala,100,16.66667,16.66667,1,5,1475,0
acer_griseum,0,0,0,0,9,1472,0
acer_negundo,0,0,16.66667,0,6,1474,1
acer_palmatum,20,5.555556,27.77778,1,17,1459,4
acer_pensylvanicum,33.33334,14.28572,42.85714,1,6,1472,2
acer_platanoides,0,0,150,0,4,1471,6
acer_pseudoplatanus,50,33.33334,66.66667,1,2,1477,1
acer_rubrum,33.33334,11.11111,33.33334,1,8,1470,2
acer_saccharinum,16.66667,14.28572,85.71429,1,6,1469,5
acer_saccharum,14.28572,25,175,1,3,1471,6
aesculus_flava,0,0,400,0,3,1466,12
aesculus_glabra,0,0,87.5,0,8,1466,7
aesculus_hippocastamon,0,0,333.3333,0,3,1468,10
aesculus_pavi,15.625,25,160,5,15,1434,27
ailanthus_altissima,0,0,400,0,3,1466,12
albizia_julibrissin,100,40,40,2,3,1476,0
amelanchier_arborea,100,12.5,12.5,1,7,1473,0
amelanchier_canadensis,0,0,85.71429,0,7,1468,6
amelanchier_laevis,16.66667,33.33334,200,2,4,1465,10
asimina_triloba,0,0,122.2222,0,9,1461,11
betula_alleghaniensis,0,0,0,0,6,1475,0
betula_jacqemontii,0,0,0,0,4,1477,0
betula_lenta,40,100,250,2,0,1476,3
betula_nigra,0,0,0,0,4,1477,0
betula_populifolia,50,40,80,2,3,1474,2
broussonettia_papyrifera,13.51351,50,370,5,5,1439,32
carpinus_betulus,0,0,0,0,3,1478,0
carpinus_caroliniana,40,66.66667,166.6667,4,2,1469,6
carya_cordiformis,8.955224,60,670,6,4,1410,61
carya_glabra,3.75,20,533.3334,3,12,1389,77
carya_ovata,5.660378,42.85714,757.1429,3,4,1424,50
carya_tomentosa,3.370786,30,889.9999,3,7,1385,86
castanea_dentata,0,0,50,0,8,1469,4
catalpa_bignonioides,0,0,55.55556,0,9,1467,5
catalpa_speciosa,0,0,150,0,14,1446,21
cedrus_atlantica,0,0,0,0,15,1466,0
cedrus_deodara,0,0,0,0,8,1473,0
cedrus_libani,50,11.11111,22.22222,1,8,1471,1
celtis_occidentalis,0,0,25,0,4,1476,1
celtis_tenuifolia,0,0,20,0,5,1475,1
cercidiphyllum_japonicum,20,25,125,1,3,1473,4
cercis_canadensis,0,0,12.5,0,8,1472,1
chamaecyparis_pisifera,0,0,10,0,10,1470,1
chamaecyparis_thyoides,0,0,0,0,9,1472,0
chionanthus_retusus,0,0,125,0,4,1472,5
chionanthus_virginicus,0,0,22.22222,0,9,1470,2
cladrastis_lutea,9.090909,20,220,2,8,1451,20
cornus_florida,0,0,50,0,10,1466,5
cornus_kousa,0,0,0,0,3,1478,0
cornus_mas,20,12.5,62.5,1,7,1469,4
corylus_colurna,0,0,0,0,7,1474,0
crataegus_crus-galli,0,0,50,0,2,1478,1
crataegus_laevigata,0,0,0,0,4,1477,0
crataegus_phaenopyrum,0,0,0,0,4,1477,0
crataegus_pruinosa,0,0,16.66667,0,6,1474,1
crataegus_viridis,0,0,11.11111,0,9,1471,1
cryptomeria_japonica,96.2963,100,103.8462,26,0,1454,1
diospyros_virginiana,0,0,44.44445,0,9,1468,4
eucommia_ulmoides,4.761905,14.28572,300,2,12,1427,40
evodia_daniellii,0,0,185.7143,0,7,1461,13
fagus_grandifolia,0,0,114.2857,0,7,1466,8
ficus_carica,13.33333,22.22222,166.6667,2,7,1459,13
fraxinus_americana,0,0,300,0,3,1469,9
fraxinus_nigra,11.11111,11.76471,105.8824,2,15,1448,16
fraxinus_pennsylvanica,18.18182,66.66667,366.6667,2,1,1469,9
ginkgo_biloba,100,50,50,2,2,1477,0
gleditsia_triacanthos,14.28572,11.11111,77.77778,1,8,1466,6
gymnocladus_dioicus,71.42857,100,140,5,0,1474,2
halesia_tetraptera,0,0,175,0,4,1470,7
ilex_opaca,0,0,60,0,5,1473,3
juglans_cinerea,11.76471,10.52632,89.47369,2,17,1447,15
juglans_nigra,0,0,333.3333,0,3,1468,10
juniperus_virginiana,33.33334,15.38462,46.15385,2,11,1464,4
koelreuteria_paniculata,62.5,71.42857,114.2857,10,4,1461,6
larix_decidua,33.33334,16.66667,50,1,5,1473,2
liquidambar_styraciflua,11.11111,22.22222,200,2,7,1456,16
liriodendron_tulipifera,15.38462,20,130,2,8,1460,11
maclura_pomifera,0,0,50,0,4,1475,2
magnolia_acuminata,0,0,220,0,5,1465,11
magnolia_denudata,0,0,41.66666,0,12,1464,5
magnolia_grandiflora,0,0,0,0,3,1478,0
magnolia_macrophylla,0,0,200,0,4,1469,8
magnolia_soulangiana,0,0,66.66667,0,3,1476,2
magnolia_stellata,0,0,88.88889,0,9,1464,8
magnolia_tripetala,0,0,133.3333,0,6,1467,8
magnolia_virginiana,0,0,9.090909,0,11,1469,1
malus_angustifolia,33.33334,20,60,1,4,1474,2
malus_baccata,40,28.57143,71.42857,2,5,1471,3
malus_coronaria,0,0,66.66667,0,6,1471,4
malus_floribunda,100,16.66667,16.66667,1,5,1475,0
malus_hupehensis,50,16.66667,33.33334,1,5,1474,1
malus_pumila,0,0,0,0,10,1471,0
metasequoia_glyptostroboides,80,40,50,4,6,1470,1
morus_alba,0,0,100,0,2,1477,2
morus_rubra,0,0,0,0,3,1478,0
nyssa_sylvatica,0,0,25,0,8,1471,2
ostrya_virginiana,0,0,0,0,5,1476,0
oxydendrum_arboreum,0,0,55.55556,0,9,1467,5
paulownia_tomentosa,0,0,50,0,4,1475,2
phellodendron_amurense,0,0,40,0,5,1474,2
picea_abies,0,0,33.33334,0,9,1469,3
picea_orientalis,50,25,50,2,6,1471,2
picea_pungens,100,11.11111,11.11111,1,8,1472,0
pinus_bungeana,0,0,30,0,10,1468,3
pinus_cembra,0,0,9.090909,0,11,1469,1
pinus_densiflora,0,0,75,0,8,1467,6
pinus_echinata,0,0,0,0,8,1473,0
pinus_flexilis,14.28572,22.22222,155.5556,2,7,1460,12
pinus_koraiensis,27.27273,33.33334,122.2222,3,6,1464,8
pinus_nigra,57.14286,50,87.5,4,4,1470,3
pinus_parviflora,18.18182,40,220,4,6,1453,18
pinus_peucea,23.52941,57.14286,242.8571,4,3,1461,13
pinus_pungens,16.66667,14.28572,85.71429,1,6,1469,5
pinus_resinosa,50,10,20,1,9,1470,1
pinus_rigida,12.5,25,200,2,6,1459,14
pinus_strobus,0,0,75,0,4,1474,3
pinus_sylvestris,0,0,0,0,6,1475,0
pinus_taeda,0,0,37.5,0,8,1470,3
pinus_thunbergii,0,0,0,0,2,1479,0
pinus_virginiana,0,0,11.11111,0,9,1471,1
pinus_wallichiana,16.66667,37.5,225,3,5,1458,15
platanus_acerifolia,0,0,75,0,4,1474,3
platanus_occidentalis,25,25,100,1,3,1474,3
populus_deltoides,75,66.66667,88.88889,6,3,1470,2
populus_grandidentata,0,0,25,0,8,1471,2
populus_tremuloides,21.42857,37.5,175,3,5,1462,11
prunus_pensylvanica,0,0,33.33334,0,6,1473,2
prunus_sargentii,51.5625,100,193.9394,33,0,1417,31
prunus_serotina,0,0,25,0,4,1476,1
prunus_serrulata,0,0,0,0,3,1478,0
prunus_subhirtella,0,0,66.66667,0,9,1466,6
prunus_virginiana,0,0,52.77778,0,36,1426,19
prunus_yedoensis,100,33.33334,33.33334,1,2,1478,0
pseudolarix_amabilis,100,14.28572,14.28572,1,6,1474,0
ptelea_trifoliata,7.692308,20,260,2,8,1447,24
pyrus_calleryana,13.33333,20,150,2,8,1458,13
quercus_acutissima,15.38462,22.22222,144.4444,2,7,1461,11
quercus_alba,0,0,33.33334,0,3,1477,1
quercus_bicolor,50,25,50,1,3,1476,1
quercus_cerris,0,0,0,0,3,1478,0
quercus_coccinea,0,0,0,0,4,1477,0
quercus_falcata,0,0,50,0,10,1466,5
quercus_imbricaria,0,0,0,0,5,1476,0
quercus_macrocarpa,7.142858,12.5,175,1,7,1460,13
quercus_marilandica,100,54.54546,54.54546,6,5,1470,0
quercus_michauxii,0,0,22.22222,0,9,1470,2
quercus_montana,75,54.54546,72.72727,6,5,1468,2
quercus_muehlenbergii,0,0,0,0,21,1460,0
quercus_nigra,0,0,25,0,8,1471,2
quercus_palustris,100,33.33334,33.33334,1,2,1478,0
quercus_phellos,0,0,0,0,3,1478,0
quercus_robur,0,0,0,0,5,1476,0
quercus_rubra,0,0,66.66667,0,6,1471,4
quercus_shumardii,0,0,0,0,7,1474,0
quercus_stellata,14.28572,10,70,1,9,1465,6
quercus_velutina,20,10,50,1,9,1467,4
quercus_virginiana,0,0,0,0,9,1472,0
robinia_pseudo-acacia,0,0,50,0,4,1475,2
salix_babylonica,0,0,30,0,10,1468,3
salix_caroliniana,0,0,14.28572,0,7,1473,1
salix_matsudana,0,0,20,0,10,1469,2
salix_nigra,16.66667,6.666667,40,1,14,1461,5
sassafras_albidum,0,0,25,0,4,1476,1
staphylea_trifolia,16.66667,33.33334,200,3,6,1457,15
stewartia_pseudocamellia,16.66667,11.11111,66.66667,1,8,1467,5
styrax_japonica,0,0,4.761905,0,21,1459,1
styrax_obassia,0,0,200,0,7,1460,14
syringa_reticulata,33.33334,14.28572,42.85714,1,6,1472,2
taxodium_distichum,100,16.66667,16.66667,2,10,1469,0
tilia_americana,0,0,0,0,3,1478,0
tilia_cordata,15.38462,13.33333,86.66666,2,13,1455,11
tilia_europaea,0,0,0,0,3,1478,0
tilia_tomentosa,0,0,0,0,5,1476,0
toona_sinensis,7.142858,25,350,1,3,1464,13
tsuga_canadensis,0,0,7.692308,0,13,1467,1
ulmus_americana,100,33.33334,33.33334,1,2,1478,0
ulmus_glabra,0,0,9.090909,0,11,1469,1
ulmus_parvifolia,0,0,11.11111,0,9,1471,1
ulmus_pumila,100,100,100,29,0,1452,0
ulmus_rubra,100,11.11111,11.11111,1,8,1472,0
zelkova_serrata,66.66667,16.66667,25,2,10,1468,1
,,,,,,,
,18.23645409,13.9875604,,17.89331533,,,
